{
  "minecraft:recipes/decorations/crafting_table": {
    "criteria": {
      "unlock_right_away": "2023-07-05 22:38:49 +0200"
    },
    "done": true
  },
  "minecraft:adventure/root": {
    "criteria": {
      "killed_something": "2023-07-05 22:39:55 +0200"
    },
    "done": true
  },
  "minecraft:adventure/adventuring_time": {
    "criteria": {
      "minecraft:birch_forest": "2023-07-05 22:38:50 +0200",
      "minecraft:old_growth_birch_forest": "2023-07-05 22:39:59 +0200"
    },
    "done": false
  },
  "DataVersion": 3465
}