{"stats":{"minecraft:mined":{"minecraft:grass":1,"minecraft:birch_leaves":1},"minecraft:custom":{"minecraft:jump":62,"minecraft:time_since_rest":1540,"minecraft:damage_dealt":222,"minecraft:crouch_one_cm":410,"minecraft:leave_game":1,"minecraft:sprint_one_cm":3148,"minecraft:play_time":1540,"minecraft:damage_taken":220,"minecraft:time_since_death":1540,"minecraft:walk_one_cm":4320,"minecraft:sneak_time":159,"minecraft:total_world_time":1540,"minecraft:fall_one_cm":3094,"minecraft:fly_one_cm":4777,"minecraft:player_kills":1}},"DataVersion":3465}