{"stats":{"minecraft:mined":{"minecraft:grass":1,"minecraft:birch_leaves":3},"minecraft:killed_by":{"minecraft:player":1},"minecraft:custom":{"minecraft:jump":67,"minecraft:leave_game":1,"minecraft:time_since_rest":157,"minecraft:deaths":1,"minecraft:damage_dealt":160,"minecraft:crouch_one_cm":106,"minecraft:walk_on_water_one_cm":28,"minecraft:sprint_one_cm":6136,"minecraft:play_time":1676,"minecraft:damage_taken":242,"minecraft:time_since_death":136,"minecraft:walk_one_cm":5432,"minecraft:sneak_time":31,"minecraft:total_world_time":1676,"minecraft:walk_under_water_one_cm":259,"minecraft:fall_one_cm":3456,"minecraft:fly_one_cm":8730}},"DataVersion":3465}